N,FIO
941,Silas Harris
603,Adam Puckett
4321,Alec Roy
3307,Gil Mccormick
2125,Colton Cabrera
1991,Tucker Duncan
3117,Quentin Kemp
1887,Alexander Golden
944,Grant Sherman
1882,Brandon Calhoun
4272,Mufutau Barrett
4892,Walker Estrada
568,Sean Hester
747,Carson Mcclain
1805,Mohammad Daugherty
3176,Howard Osborne
1693,Erich Coffey
3354,Hilel Hicks
3176,Keaton Mcdaniel
831,Fritz Morse
3283,Jasper Brady
1319,Rogan Grant
4484,Conan Bray
2873,Eagan Rosales
2455,Todd Cooper
519,Wang Brooks
2236,Benjamin Burnett
4851,Linus Dudley
717,Duncan Wilkinson
2589,Lee Diaz
2864,Chadwick Shepherd
2383,Evan Lawrence
4396,Macaulay Crane
3796,Stephen Romero
1376,Clinton Horton
3204,Herman Robbins
4074,Marshall Velazquez
1430,Graham Melendez
3641,Chandler Hurst
4726,Channing Huber
1061,Rashad Hutchinson
1598,Octavius Fry
4372,Ali Paul
2781,Benjamin Valencia
1473,Mohammad Ochoa
365,Chester Goodman
385,Jonah Mullins
2656,Hayden Newman
2409,Leonard Nolan
3899,Gray Horne
