Name,Id_Agent,Count,Id_Client
Sodales Purus LLP,14,908,46
Sed Foundation,6,706,6
Bibendum Donec Company,13,512,23
Tincidunt Tempus Corporation,10,306,38
Mauris Magna Foundation,37,571,26
Ultrices Posuere Foundation,39,377,46
Cursus Et Incorporated,38,689,12
Morbi Accumsan Laoreet Associates,27,894,25
Tempor Augue Associates,20,881,39
Proin Ltd,24,462,7
Euismod Est Arcu Foundation,48,450,6
Nullam Nisl Corporation,23,768,21
Risus Donec Nibh Institute,40,576,45
Enim Sed Corp.,38,961,9
Parturient Montes Nascetur Limited,10,570,28
Vitae Odio Sagittis Limited,19,960,36
Eget Dictum Corp.,21,351,12
Fames Ac Foundation,36,356,14
Sem Ut LLC,15,537,43
Dui Fusce Diam Consulting,48,402,8
Sed Leo Limited,30,259,45
Varius Orci PC,28,756,37
Pede Corp.,22,771,2
Sagittis Lobortis Foundation,31,999,36
Eget Mollis Lectus Foundation,37,749,8
Nullam Vitae LLP,23,796,40
Curabitur Associates,18,599,26
Mauris Eu PC,33,423,36
Sed Eget Lacus LLC,34,603,2
Nam LLC,12,237,20
Nec Euismod Corporation,11,443,29
Ultrices Mauris Limited,47,395,45
Sed Corporation,20,554,22
Malesuada Integer LLP,47,827,11
Risus Varius Orci PC,24,616,24
Magna Phasellus Incorporated,22,552,35
Amet Faucibus Inc.,20,397,9
Lacinia Mattis Integer LLP,21,616,18
Ultrices Inc.,18,905,10
Nisl Elementum LLC,49,739,8
Congue Turpis In Limited,22,821,13
Etiam Ligula Limited,35,968,4
Eu Neque Pellentesque Inc.,3,945,16
Mattis Semper Dui Foundation,37,555,6
Mattis Institute,4,448,2
Risus Nulla Eget Consulting,15,647,11
Rhoncus Donec Company,28,925,17
Ridiculus Mus Corporation,37,277,30
Lorem Ipsum Sodales LLP,32,287,6
Est Arcu Ac PC,33,405,13
